block_height,block_time,comment,validators_hash,computed_hash,proposer_address,total_vp,6A3CACEAEA586C9AF3051249D6FF34942835DF10,0DA35960AC73947F415949EDAF885E1A9A186370,9901CCDA42B948EDDC835FB5C8AB06730A9C23CD,F29C3DB00F73F75D84B7DFDC7787BF78A91C6A81,A3A9B9712869F224F4F1F3CB3DE5D039D6268F21,B5B358B6B17052E2E1A00B8ED78127FFDFF584AF,CD0DA85F510345EAECB73AEED6E3C2C65AD27E53,54443EF34125BDBDF74D8E1FD1EC3857160EF3CC,103CC3FC5E90C04EE208BD0716DC889552926EF8,F98B3014AF2F2A5C8852263D65A0B679FB799B8C,1501A996ED5577FC65D57F92ACC8E15CE6B7DFAD,3B9916B501C53E38015676282F14E2AAF025F6C5,8A73C4B75E360FF191B844A61B8845A0AD65D208,52479C885E73D2F570D47E5F0433785051350DD1,FC9402FF4B53B8B72624C7FB28DDE49797EF474B,D5D3EB2E5E2360782FAFAB7C0B3C45BFFB1587AB,24FB157F1CBAE56079359C2612FE67712CE96426,95E3F1574DDB503F0380D98A976E0CF8469B874F,003E6F7A2FD88BAA3E2117945671FE0D994E171D,0385B199514F483871B7B801A923BF53977B2916,03EABFB8409C4F62A732A3D728ACAA2E13403F50,056EBA066FB6355FE6B81FDF375C1CDDF5BEBBC6,0B8F81F6A82C6B3708D6192C2AD1B53209E04F6C,16625311355C4993FDA69D218875CAEB783F66D5,1E3AFDD98E0E1AEB50E7E7BE7BB78B71AB9FE1BA,1FE501A7E4CF0498BB3AB22F64D412C813F81119,292B3711E4423C2F47B7BE58BF72EF2BD0770CF0,305013CCA69866DA942265649D56B57D4F2545CC,361FD80BB7893C4B4104D0D7A8C931F362D170D8,3D42458DD811C921CDA2A080FB018CBBA2B91CFD,41AA5DF98BDB8A809B956A7925CF21FA905D08DD,42890EEA7E9B02890605135356D90B6433A47749,4544EF788285E35826DB28EC62FD704554CC7156,4D6E16E3F7D89E8D839F716893D6A1F81C9F956D,52EA1C24DA94C67A8FED7C46E18A1CFC476D5717,55EACF6E14726E13F973903614087867404DF2CA,59CC9F852235473DF57BCEF37C60F3A29DB36811,5BED074FAD72B341DE26B43628F2FE0917AC1D63,65185BC275EB9232A2DFF23BEB4EAA075BDAD3CE,66843E34B5A0CC0D4FFACE4C928D200753D4B9D3,671C08BB55C1C242DC5A342889CD8C0071893FF9,6D9D14A2729BA5F02AF203ABAFD5CE8284DD2670,71F5F0A14FA5CA88122A26569B0C3A9E3C6E5CAF,74E05D7EAFA7BBEA4B22A2AFFBB1CA6F97470B35,76D9967474B62835E703A577101D1FD35F84D36B,79FA40E44DECB3893E3646B58AA13C7FE898BE91,7A6A631756F2B240CBDFA81DF654DABA599C0F33,7B0DE97C082AE7911928004FE8B145AA1FF56038,7E060283BE404E1E80CE738DDCC6C12F9EDE0113,7EEBC8E086DB6453F77954C44C94D6FB6F0A625E,87AD83AC8C84ABE5D8890E4DFE407F17BCD42B4E,87E92A42607017088F85061E20727BE3CFF61999,8C7E66C0416A002CFCF1A99F88F33FCC8F599944,8F7B51C1E8520E0BFA894ED83213E45DEB10E156,96884BE29D4D231AFB90D034748286D51A6BE943,97075D998C11771B38AAA0ACFBFDF09EED078BC9,9797557328079BB3D3E588DAD873F0EA6C098C10,98051EE9D111826D0A03BBDD0334C7C246FC4636,9C87B7B7B0E79B4BE81D72C6B68F7122BCB04EEC,A1B94806551D25A8B9C4B550EBEC1E9B19611A35,A2E373DC0894BC0CD0F5C7A8ECF22F1F9E8F5579,AA77A443F849606A4A8EB1639752068C1A2EEA5E,B59B63331FD2120C89BF2E7DD657E7F9AA090A1D,C43B466D9C3A60859B66A48E0B54C662BC701FB5,C96B7A46D3E26FADD6B8B9393D2EE0318AFBA7EE,CA799C8A8079B5BAC07CBCF77C94CA050CB4CB80,CC05882978FC5FDD6A7721687E14C0299AE004B8,CDA3887D2F0865E84BAC9C8241D4B5FF39591D28,D02B29F69E6BFC3E241F38162E82EE4C78D8DDA9,D0639638EF73670D4813E9D034F4499667B3BE7E,D4686840675436000E9B33B8A58193B9406ADDA3,D656D8F9C06C6F153CA1727CE3EBB05BF1567438,D9448D1A507A0F792C25F4FEAE01DDBC4748CA82,DB5EF3A174014515A046E80E3164E22414123614,DC00DA048EC40BF29530626601840B18F48AC8A5,E12D86AC279259CBB0CC1D2C5DA9FADE3FD8D24F,E1A48ED16EB660BE4F259E0E3A62B8BE56F41E36,E63597E3F46F3A8C82379A72D37FD7D280E832FA,EE50044D5EE07FA2C2CC94F1A81D2B6DADC103EB,F6EBCC201A051C2106A6F0CD95A452C843BA4F14,214752CFB2CD5CB00EC625739C224AA406226D0E,23D4A4484D4D868427369088C4D0A2E56DAAF465,57D2C0F208DE8B603DA6C9B75CD95C32597BE348,5DEFF454EB30618FA2B978D9FF1C8B523311F1D1,7A74EB2298B26CC9F30C1C682A5C0DE209EE3687,FDE7B9EDA5E8D918BA04235FA304AA3CE82C04C1,35D295C1BA718DA91BFE341AC3DE09B7966921C9,5A22861F57F12829B68A022FB805685A4E5850C3,C759989AB500EDF629C4CED1267CA30F660E4024,9B54909B390DDDE5EC01413630450C9044EF8E2E,ADA6B3B2DE3BB2686DBEF1543C309D10D23EC2CC,B4775B0FEBDFE023D6E24748BDD0B39F8366A8DD,BACE01F066D7C3344AA194E1A1B6FBF6FE8EBE1C,BE4D9D67579D9E9ECFD32B39AB2EAF988FA7A956,C02344F67415074C43EA1B5B2063FC996329C6E1,60DFD976E9B748B1E1F06FD7B6809A370BD3A302,E77FE2A0D7784F9CE575D35F09FBB33BB05CC9EB
53001,2022/11/10 15:29:05,NEW_VALSET,3A74237962BAB771643CCC58D0F964D2E051CC96E1E9022CCAEB91DB9F8E1DD6,39F741771D840FED6304F5F69BA415E9D87C61FB218D4B0B3221BFAD870D0000,6A3CACEAEA586C9AF3051249D6FF34942835DF10,670102820,670100000,784,427,310,300,83,29,19,18,17,16,16,16,15,15,14,13,11,10,10,10,10,10,10,10,10,10,10,10,10,10,10,10,10,10,10,10,10,10,10,10,10,10,10,10,10,10,10,10,10,10,10,10,10,10,10,10,10,10,10,10,10,10,10,10,10,10,10,10,10,10,10,10,10,10,10,10,10,10,10,9,9,9,9,9,9,8,6,5,4,4,4,4,4,4,0,0
53036,2022/11/10 15:32:02,NEW_VALSET,843151B5BBCBDD1BAA5B655AFDA30F601D210989BD6217E445C43AA2779309C3,8153D2ABEB4FFD68A7A1D81957250DF1D898C6F3AA842B5BFCC7A90917760F6A,6A3CACEAEA586C9AF3051249D6FF34942835DF10,670102822,670100000,784,427,310,300,83,29,19,18,17,16,16,16,15,15,14,13,11,10,10,10,10,10,10,10,10,10,10,10,10,10,10,10,10,10,10,10,10,10,10,10,10,10,10,10,10,10,10,10,10,10,10,10,10,10,10,10,10,10,10,10,10,10,10,10,10,10,10,10,10,10,10,10,10,10,10,10,10,10,10,9,9,9,9,9,9,8,6,7,4,4,4,4,4,4,0,0
53072,2022/11/10 15:35:03,NEW_VALSET,DDCD4675A98146836FFE421AE557B1423869903E957B3F42D90A0680D65F326D,9EFB68AA833206B9726005FD0DB1C393F807380C3562FD1B86E251D45B91C0DC,6A3CACEAEA586C9AF3051249D6FF34942835DF10,670102824,670100000,784,427,310,300,83,29,19,18,17,16,16,16,15,15,14,13,11,10,10,10,10,10,10,10,10,10,10,10,10,10,10,10,10,10,10,10,10,10,10,10,10,10,10,10,10,10,10,10,10,10,10,10,10,10,10,10,10,10,10,10,10,10,10,10,10,10,10,10,10,10,10,10,10,10,10,10,10,10,10,9,9,9,9,9,9,8,6,9,4,4,4,4,4,4,0,0
53101,2022/11/11 13:00:17,NEW_VALSET,8BF2555901B11B8B304732AD7B583A273E4B2ED3A9E982985884859D7EA3DBF0,E4AA154B40807DC50231182535FF90ECD591E183DF2EDF149E8216D447CD53F9,6A3CACEAEA586C9AF3051249D6FF34942835DF10,670102825,670100000,784,427,310,300,83,29,19,18,17,16,16,16,15,15,14,13,11,10,10,10,10,10,10,10,10,10,10,10,10,10,10,10,10,10,10,10,10,10,10,10,10,10,10,10,10,10,10,10,10,10,10,10,10,10,10,10,10,10,10,10,10,10,10,10,10,10,10,10,10,10,10,10,10,10,10,10,10,10,10,9,9,9,9,9,9,8,6,10,4,4,4,4,4,4,0,0
53347,2022/11/11 13:21:01,NEW_VALSET,7142DD8E217B7820A23C04E4B6801F61B317AA74CB65109A2CF064195CCB586D,7D3426036334B158E16067DC22AA26ACE7087C5B3E79DA30B6B7F973F55F3A56,6A3CACEAEA586C9AF3051249D6FF34942835DF10,670102835,670100000,784,427,310,300,83,29,19,18,17,16,16,16,15,15,14,23,11,10,10,10,10,10,10,10,10,10,10,10,10,10,10,10,10,10,10,10,10,10,10,10,10,10,10,10,10,10,10,10,10,10,10,10,10,10,10,10,10,10,10,10,10,10,10,10,10,10,10,10,10,10,10,10,10,10,10,10,10,10,10,9,9,9,9,9,9,8,6,10,4,4,4,4,4,4,0,0
53499,2022/11/11 13:33:49,NEW_VALSET,D105CD7FDC6E23C8107FD8444AE5E95F53FF6F13CA9D974B857FAA9FCC79539F,5C90C0CAC3FD4C9043AE1DA31ECC6D2B3E94EFE77E0B1E9A651EB904D78F7306,6A3CACEAEA586C9AF3051249D6FF34942835DF10,670102845,670100000,784,427,310,300,83,39,19,18,17,16,16,16,15,15,14,23,11,10,10,10,10,10,10,10,10,10,10,10,10,10,10,10,10,10,10,10,10,10,10,10,10,10,10,10,10,10,10,10,10,10,10,10,10,10,10,10,10,10,10,10,10,10,10,10,10,10,10,10,10,10,10,10,10,10,10,10,10,10,10,9,9,9,9,9,9,8,6,10,4,4,4,4,4,4,0,0
53717,2022/11/11 13:52:12,NEW_VALSET,1FD2C976E41716FCCBB21082CE335BCF3D26B2DF22FB544CCF0730C1239097E2,AD07E5525A9436BC91D6D56D08F168D98E7C4F101BF01BBDB6AC9904EA936C86,6A3CACEAEA586C9AF3051249D6FF34942835DF10,670102846,670100001,784,427,310,300,83,39,19,18,17,16,16,16,15,15,14,23,11,10,10,10,10,10,10,10,10,10,10,10,10,10,10,10,10,10,10,10,10,10,10,10,10,10,10,10,10,10,10,10,10,10,10,10,10,10,10,10,10,10,10,10,10,10,10,10,10,10,10,10,10,10,10,10,10,10,10,10,10,10,10,9,9,9,9,9,9,8,6,10,4,4,4,4,4,4,0,0
53808,2022/11/11 13:59:54,NEW_VALSET,C5BF2D1CEE5CDD3F71C37EBF4813DFCF8E01B87C5A542529C4AF7F41FA2B44E1,99EC29B195368B84BC6199B820B5C937EC7504C68A0B85E96A7DC3FDE1F610AA,6A3CACEAEA586C9AF3051249D6FF34942835DF10,670102847,670100002,784,427,310,300,83,39,19,18,17,16,16,16,15,15,14,23,11,10,10,10,10,10,10,10,10,10,10,10,10,10,10,10,10,10,10,10,10,10,10,10,10,10,10,10,10,10,10,10,10,10,10,10,10,10,10,10,10,10,10,10,10,10,10,10,10,10,10,10,10,10,10,10,10,10,10,10,10,10,10,9,9,9,9,9,9,8,6,10,4,4,4,4,4,4,0,0
53904,2022/11/11 14:08:01,NEW_VALSET,8AB5044D33E176AEECFCB7A9FFBD05356A584A64DEE0AD38374C4E7A088B9C88,B8ADF1A5958DE7889BCF64CCC1E2FB9F4B499BCB59A85D6F7B33274EDC813177,6A3CACEAEA586C9AF3051249D6FF34942835DF10,670102848,670100003,784,427,310,300,83,39,19,18,17,16,16,16,15,15,14,23,11,10,10,10,10,10,10,10,10,10,10,10,10,10,10,10,10,10,10,10,10,10,10,10,10,10,10,10,10,10,10,10,10,10,10,10,10,10,10,10,10,10,10,10,10,10,10,10,10,10,10,10,10,10,10,10,10,10,10,10,10,10,10,9,9,9,9,9,9,8,6,10,4,4,4,4,4,4,0,0
54001,2022/11/11 14:16:12,NEW_VALSET,3413047ED888D8811714604E7389B9A77B115384F78D5FFD5A8CB5BAA9931261,8E81A4BD3A5CDAE5B2B5470E914DC548005D27AFCFB3E9680DF44E11A045B8B3,6A3CACEAEA586C9AF3051249D6FF34942835DF10,670102858,670100003,784,427,310,300,93,39,19,18,17,16,16,16,15,15,14,23,11,10,10,10,10,10,10,10,10,10,10,10,10,10,10,10,10,10,10,10,10,10,10,10,10,10,10,10,10,10,10,10,10,10,10,10,10,10,10,10,10,10,10,10,10,10,10,10,10,10,10,10,10,10,10,10,10,10,10,10,10,10,10,9,9,9,9,9,9,8,6,10,4,4,4,4,4,4,0,0
54332,2022/11/11 14:44:07,NEW_VALSET,9B655FE9D661C475FA864F0209A6A8B2B3D84CEA5C045A94A908DF81AF097E74,4B7571335E27DC38ABE2A9AE5DE66CF965F03898EC19E432C43C694BABC645FC,6A3CACEAEA586C9AF3051249D6FF34942835DF10,670102859,670100003,784,427,310,300,93,39,19,18,17,16,16,16,15,15,14,23,11,10,10,10,10,10,10,10,10,10,10,10,10,10,10,10,10,10,10,10,10,10,10,10,11,10,10,10,10,10,10,10,10,10,10,10,10,10,10,10,10,10,10,10,10,10,10,10,10,10,10,10,10,10,10,10,10,10,10,10,10,10,10,9,9,9,9,9,9,8,6,10,4,4,4,4,4,4,0,0
54404,2022/11/11 14:50:11,NEW_VALSET,A4517BA3EA54149AD9AF24E5CC3CD4152278E9D5C19E8A79841A2ED635581E26,EDD310F78D1875E055FFB6FCB9FCA81D1FDBC5688E1B068487FE9E5A9EAA52D1,6A3CACEAEA586C9AF3051249D6FF34942835DF10,670102860,670100003,784,427,310,300,93,39,19,18,17,16,16,16,15,15,15,23,11,10,10,10,10,10,10,10,10,10,10,10,10,10,10,10,10,10,10,10,10,10,10,10,11,10,10,10,10,10,10,10,10,10,10,10,10,10,10,10,10,10,10,10,10,10,10,10,10,10,10,10,10,10,10,10,10,10,10,10,10,10,10,9,9,9,9,9,9,8,6,10,4,4,4,4,4,4,0,0
54405,2022/11/11 14:50:16,NEW_VALSET,6AA72DDBA27884DBE7C74DF63FAABC1A469DB27EEB62DD53C27CFE6A257E3BFC,84A40708FC0E9589BCA30BB69510130BE0932459F5BF8A6DDF7AEFD01A6DC63A,6A3CACEAEA586C9AF3051249D6FF34942835DF10,670102861,670100003,784,427,310,300,93,39,19,18,17,16,16,16,15,15,16,23,11,10,10,10,10,10,10,10,10,10,10,10,10,10,10,10,10,10,10,10,10,10,10,10,11,10,10,10,10,10,10,10,10,10,10,10,10,10,10,10,10,10,10,10,10,10,10,10,10,10,10,10,10,10,10,10,10,10,10,10,10,10,10,9,9,9,9,9,9,8,6,10,4,4,4,4,4,4,0,0
54416,2022/11/11 14:51:12,NEW_VALSET,EE8B01F16149AC8F9E45EA27CB84EC8CD9D0D70DF0E702D5B4DA6424EA40DA40,2337A8BBB2BECB1EAF10E7B60407B1AA42D6C52FEC5D7577DE2DB9C2A4D96CEA,6A3CACEAEA586C9AF3051249D6FF34942835DF10,670102862,670100003,784,427,310,300,93,39,19,18,17,16,16,16,15,15,17,23,11,10,10,10,10,10,10,10,10,10,10,10,10,10,10,10,10,10,10,10,10,10,10,10,11,10,10,10,10,10,10,10,10,10,10,10,10,10,10,10,10,10,10,10,10,10,10,10,10,10,10,10,10,10,10,10,10,10,10,10,10,10,10,9,9,9,9,9,9,8,6,10,4,4,4,4,4,4,0,0
54450,2022/11/11 14:54:04,NEW_VALSET,B89A3F41CC1B022BA8C0C64D589106DE467291785B379E6D9CBFBCA3C228A7FF,8B29733568FA6C5694E9144BFADC04E267299E7462D3639781646CE11CDFE3E5,6A3CACEAEA586C9AF3051249D6FF34942835DF10,670102872,670100003,784,427,310,300,93,39,19,18,17,16,16,16,15,25,17,23,11,10,10,10,10,10,10,10,10,10,10,10,10,10,10,10,10,10,10,10,10,10,10,10,11,10,10,10,10,10,10,10,10,10,10,10,10,10,10,10,10,10,10,10,10,10,10,10,10,10,10,10,10,10,10,10,10,10,10,10,10,10,10,9,9,9,9,9,9,8,6,10,4,4,4,4,4,4,0,0
54571,2022/11/11 15:04:16,NEW_VALSET,7EB9A3492355F1F283DF3A21EEE42034108C0FFD1BAD3A88508D617FDF6D6407,A1456779AA6F7D07F4FC29EFB5876A9C444BC28A1DCDF5841942727446E3379A,6A3CACEAEA586C9AF3051249D6FF34942835DF10,670102873,670100003,784,427,310,300,93,39,19,18,17,16,16,16,15,25,17,23,11,10,10,10,10,10,10,10,10,10,10,10,10,10,10,10,10,10,10,10,10,10,10,10,11,10,10,10,10,10,10,10,10,10,10,10,10,10,10,10,10,10,10,10,10,10,10,10,10,10,10,10,10,10,10,10,10,10,10,10,10,10,10,9,9,9,9,9,9,8,6,10,4,4,4,4,4,4,1,0
54734,2022/11/11 15:17:59,NEW_VALSET,A3F2283A916E46AF4903826F2C85A9F8F15780C9D57B2FE9934DC0218BEF170C,08A711B29F31F7DD3BD16160A906F924294E9AC390F5303EB298AA1BE5F066D9,6A3CACEAEA586C9AF3051249D6FF34942835DF10,670102883,670100003,784,427,310,300,93,39,19,18,17,26,16,16,15,25,17,23,11,10,10,10,10,10,10,10,10,10,10,10,10,10,10,10,10,10,10,10,10,10,10,10,11,10,10,10,10,10,10,10,10,10,10,10,10,10,10,10,10,10,10,10,10,10,10,10,10,10,10,10,10,10,10,10,10,10,10,10,10,10,10,9,9,9,9,9,9,8,6,10,4,4,4,4,4,4,1,0
54762,2022/11/11 15:20:21,NEW_VALSET,5058C66B6F6B812D4CE6C5F85965A481379741D6738B73956F001E549BE1C0AF,C7B0933EA7E61B766A314CAC8F0E3FB6DA5AFBAE94E48F0A67F00D337E7CF0C4,6A3CACEAEA586C9AF3051249D6FF34942835DF10,670102887,670100003,784,427,310,300,93,39,19,18,17,26,16,16,15,25,17,23,11,10,10,10,10,10,10,10,10,10,10,10,10,10,10,10,10,10,10,10,10,10,10,10,11,10,10,10,10,10,10,10,10,10,10,10,10,10,10,10,10,10,10,10,10,10,10,10,10,10,10,10,10,10,10,10,10,10,10,10,10,10,10,9,9,9,9,9,9,8,6,10,4,4,4,4,4,4,5,0
54798,2022/11/11 15:23:23,NEW_VALSET,95766A7FB8F06105E756B73003728A4E476200A6755688C1EBA27DD3A1F764A1,8125295A5E535DF3949A6F75092B8B9FEC45DE6B325200560C10017A922CE95A,6A3CACEAEA586C9AF3051249D6FF34942835DF10,670102889,670100003,784,427,310,300,93,39,19,18,17,26,16,16,15,25,17,23,11,10,10,10,10,10,10,10,10,10,10,10,10,10,10,10,10,10,10,10,10,10,10,10,11,10,10,10,10,10,10,10,10,10,10,10,10,10,10,10,10,10,10,10,10,10,10,10,10,10,10,10,10,10,10,10,10,10,10,10,10,10,10,9,9,9,9,9,9,8,6,10,4,4,4,4,4,4,7,0
54834,2022/11/11 15:26:24,NEW_VALSET,937BB0420C1395B356C198E9F6A5886BEE63112165157DD7AB7BA89762884618,DCFDD8525782B9E945C48AF6AC8E20973345D7A156A34E996DC64DC21E71F827,6A3CACEAEA586C9AF3051249D6FF34942835DF10,670102891,670100003,784,427,310,300,93,39,19,18,17,26,16,16,15,25,17,23,11,10,10,10,10,10,10,10,10,10,10,10,10,10,10,10,10,10,10,10,10,10,10,10,11,10,10,10,10,10,10,10,10,10,10,10,10,10,10,10,10,10,10,10,10,10,10,10,10,10,10,10,10,10,10,10,10,10,10,10,10,10,10,9,9,9,9,9,9,8,6,10,4,4,4,4,4,4,9,0
54870,2022/11/11 15:29:26,NEW_VALSET,91C74CAEE2F6FB67C4ED4D20E696EA2310892809788DC2B10B3FEE3D042232EB,97C1AE59DE9FA191A7264C27D2E9F84EE329B76E496B81BF38EFA9D009471E54,6A3CACEAEA586C9AF3051249D6FF34942835DF10,670102892,670100003,784,427,310,300,93,39,19,18,17,26,16,16,15,25,17,23,11,10,10,10,10,10,10,10,10,10,10,10,10,10,10,10,10,10,10,10,10,10,10,10,11,10,10,10,10,10,10,10,10,10,10,10,10,10,10,10,10,10,10,10,10,10,10,10,10,10,10,10,10,10,10,10,10,10,10,10,10,10,10,9,9,9,9,9,9,8,6,10,4,4,4,4,4,4,10,0
54874,2022/11/11 15:29:46,NEW_VALSET,CFB6F1FDF6E28A30A44D0084679A614C6E0DCDAD57112D31801926F23789FDC8,925909DBF5DDCDF4D24FF5028F3AAEF421CE277F04695A98EE872EABE1D0DCE4,6A3CACEAEA586C9AF3051249D6FF34942835DF10,670102893,670100003,784,427,310,300,93,39,19,18,17,26,16,16,15,25,17,23,11,10,10,10,10,10,10,10,10,10,10,10,10,10,10,10,10,10,10,10,10,10,10,10,12,10,10,10,10,10,10,10,10,10,10,10,10,10,10,10,10,10,10,10,10,10,10,10,10,10,10,10,10,10,10,10,10,10,10,10,10,10,10,9,9,9,9,9,9,8,6,10,4,4,4,4,4,4,10,0
54886,2022/11/11 15:30:47,NEW_VALSET,E306F0DB214698B47D3163C011CDC3F777C0E9A8D0A564C40C2DF5502F900A02,8FBFF1F4119E17A612B3CF17320ADB678892ED5B060BE4705F0DC98DD5E9FDDB,6A3CACEAEA586C9AF3051249D6FF34942835DF10,670102902,670100003,784,427,310,300,93,39,19,18,17,26,16,16,15,25,17,23,11,10,10,10,10,10,10,10,10,10,10,10,10,10,10,10,10,10,10,10,10,10,10,10,21,10,10,10,10,10,10,10,10,10,10,10,10,10,10,10,10,10,10,10,10,10,10,10,10,10,10,10,10,10,10,10,10,10,10,10,10,10,10,9,9,9,9,9,9,8,6,10,4,4,4,4,4,4,10,0
54925,2022/11/11 15:34:04,NEW_VALSET,54D9EECC07C4CE6E91CB48A3722A55DD6BF8BAA47199CF582A3DADCA48D32092,081ADAECB5F648618FF967BA5382289B307B68FC15D178C841B4F949B934B87A,6A3CACEAEA586C9AF3051249D6FF34942835DF10,670102903,670100004,784,427,310,300,93,39,19,18,17,26,16,16,15,25,17,23,11,10,10,10,10,10,10,10,10,10,10,10,10,10,10,10,10,10,10,10,10,10,10,10,21,10,10,10,10,10,10,10,10,10,10,10,10,10,10,10,10,10,10,10,10,10,10,10,10,10,10,10,10,10,10,10,10,10,10,10,10,10,10,9,9,9,9,9,9,8,6,10,4,4,4,4,4,4,10,0
54941,2022/11/11 15:35:25,NEW_VALSET,C97FBCEAC85167AC55B09088AC9750249810902245DF694E5979FC5F566EDADB,760866C4BB2066C3343D97E8C40BCE8349AC78FE2E40CAFB8DBEF27A036CD967,6A3CACEAEA586C9AF3051249D6FF34942835DF10,670102904,670100004,784,427,310,300,93,39,19,18,17,26,16,16,15,25,17,23,11,10,10,10,10,10,10,10,10,10,10,10,10,10,10,10,10,10,10,10,10,10,10,10,21,10,10,10,10,10,10,10,10,10,10,10,10,10,10,10,10,10,10,10,10,10,10,10,10,10,10,10,10,10,10,10,10,10,10,10,10,10,10,9,9,9,9,9,9,8,6,10,4,4,4,4,4,5,10,0
54977,2022/11/11 15:38:27,NEW_VALSET,94A500C0013743BD6FC71A9833191F6BF36F9557E2482E4DDE4AF5FB55CE3D11,6478A8918DD0A434E742F6865832164678E2A6113318E261448AEC109F6D6982,6A3CACEAEA586C9AF3051249D6FF34942835DF10,670102906,670100004,784,427,310,300,93,39,19,18,17,26,16,16,15,25,17,23,11,10,10,10,10,10,10,10,10,10,10,10,10,10,10,10,10,10,10,10,10,10,10,10,21,10,10,10,10,10,10,10,10,10,10,10,10,10,10,10,10,10,10,10,10,10,10,10,10,10,10,10,10,10,10,10,10,10,10,10,10,10,10,9,9,9,9,9,9,8,6,10,4,4,4,4,4,7,10,0
55013,2022/11/11 15:41:30,NEW_VALSET,0ACC23962102E66EAFB80255954E58546FFF7DE56031B81CD01033BBD1A7C71A,4A12F362CE1C9FC4A5DF55C4E838881758B4A1F93231D60B5D78D5373A394D07,6A3CACEAEA586C9AF3051249D6FF34942835DF10,670102908,670100004,784,427,310,300,93,39,19,18,17,26,16,16,15,25,17,23,11,10,10,10,10,10,10,10,10,10,10,10,10,10,10,10,10,10,10,10,10,10,10,10,21,10,10,10,10,10,10,10,10,10,10,10,10,10,10,10,10,10,10,10,10,10,10,10,10,10,10,10,10,10,10,10,10,10,10,10,10,10,10,9,9,9,9,9,9,8,6,10,4,4,4,4,4,9,10,0
55049,2022/11/11 15:44:32,NEW_VALSET,B4B82972576BB30BDBB1B4CE90DE4F41B45FC5BE8D9F4BB90F77D1B9DBBC9C63,94FEF7F17A1473E06FA96FCD7A15CED68DCC7BA77255477954FD1D305C5315B6,6A3CACEAEA586C9AF3051249D6FF34942835DF10,670102909,670100004,784,427,310,300,93,39,19,18,17,26,16,16,15,25,17,23,11,10,10,10,10,10,10,10,10,10,10,10,10,10,10,10,10,10,10,10,10,10,10,10,21,10,10,10,10,10,10,10,10,10,10,10,10,10,10,10,10,10,10,10,10,10,10,10,10,10,10,10,10,10,10,10,10,10,10,10,10,10,10,9,9,9,9,9,9,8,6,10,4,4,4,4,4,10,10,0
55109,2022/11/11 15:49:35,NEW_VALSET,E9CD6056C2B6694D5FED79D25E8D1F02BA5AA8AF996F566A76C2F023B7FDDB03,6233573832F4AB2570A526FCC2EAF30DB780B9E288C2779C40AFC9DA7991333E,6A3CACEAEA586C9AF3051249D6FF34942835DF10,670102919,670100004,784,427,310,300,93,39,19,18,17,26,16,16,15,25,17,23,11,10,10,10,10,10,10,10,10,10,10,10,10,10,10,10,10,10,10,10,10,10,10,10,31,10,10,10,10,10,10,10,10,10,10,10,10,10,10,10,10,10,10,10,10,10,10,10,10,10,10,10,10,10,10,10,10,10,10,10,10,10,10,9,9,9,9,9,9,8,6,10,4,4,4,4,4,10,10,0
55121,2022/11/11 15:50:36,NEW_VALSET,744AFDEB6AC43C07BC00CA30F17ABA11E0180BB543D390BBF68B54A92405F8EB,26E42CE0B3F787C7B54C4B197A2E7A06347B703CE26F51F147403E53D5A7DAF2,6A3CACEAEA586C9AF3051249D6FF34942835DF10,670102920,670100004,784,427,310,300,93,39,19,18,17,26,16,16,15,25,17,23,11,10,10,10,10,10,10,10,10,10,10,10,10,10,10,10,10,10,10,10,10,10,10,10,31,10,10,10,10,10,10,10,10,10,10,10,10,10,10,10,10,10,10,10,10,10,10,10,10,10,10,10,10,10,10,10,10,10,10,10,10,10,10,9,9,9,9,9,9,8,6,10,4,4,4,4,5,10,10,0
55157,2022/11/11 15:53:38,NEW_VALSET,90496223F63BD73F876B6E1C51D3C882D0823FE3D7C779C1ACD8F2982856A9E2,DF9ABAED5B62D8D20746919CD97C3F0D5EA8CDFAD98E5F80873DF5A705A044C3,6A3CACEAEA586C9AF3051249D6FF34942835DF10,670102922,670100004,784,427,310,300,93,39,19,18,17,26,16,16,15,25,17,23,11,10,10,10,10,10,10,10,10,10,10,10,10,10,10,10,10,10,10,10,10,10,10,10,31,10,10,10,10,10,10,10,10,10,10,10,10,10,10,10,10,10,10,10,10,10,10,10,10,10,10,10,10,10,10,10,10,10,10,10,10,10,10,9,9,9,9,9,9,8,6,10,4,4,4,4,7,10,10,0
55193,2022/11/11 15:56:40,NEW_VALSET,298AF00875D14A722F40467A7572DDFBB047D8D70E0A296C59F48C40D08611B1,A6DAE3DD0EE6AF7CAFD958E90C1062F583301F525C47B03BDB5839A8677B4847,6A3CACEAEA586C9AF3051249D6FF34942835DF10,670102924,670100004,784,427,310,300,93,39,19,18,17,26,16,16,15,25,17,23,11,10,10,10,10,10,10,10,10,10,10,10,10,10,10,10,10,10,10,10,10,10,10,10,31,10,10,10,10,10,10,10,10,10,10,10,10,10,10,10,10,10,10,10,10,10,10,10,10,10,10,10,10,10,10,10,10,10,10,10,10,10,10,9,9,9,9,9,9,8,6,10,4,4,4,4,9,10,10,0
55228,2022/11/11 15:59:37,NEW_VALSET,A2F2CF05C7F161096275C421837914DE156203FBFE941E4ADED6F09DC61ED43F,E6F015D4AD3A2D2CD7227479828F0D065985BF4818E5D2C8E7C5E37E9B79C4C5,6A3CACEAEA586C9AF3051249D6FF34942835DF10,670102925,670100004,784,427,310,300,93,39,19,18,17,26,16,16,15,25,17,23,11,10,10,10,10,10,10,10,10,10,10,10,10,10,10,10,10,10,10,10,10,10,10,10,31,10,10,10,10,10,10,10,10,10,10,10,10,10,10,10,10,10,10,10,10,10,10,10,10,10,10,10,10,10,10,10,10,10,10,10,10,10,10,9,9,9,9,9,9,8,6,10,4,4,4,4,10,10,10,0
55300,2022/11/11 16:05:42,NEW_VALSET,2042D330CB91F4CBA169D513C140560D5878AAF8559538E86321B36FB3EB1E6A,383781AF2C54A589230A74A108A05FE7730B4336C7AB41DAB9253CA3AEA46C44,6A3CACEAEA586C9AF3051249D6FF34942835DF10,670102926,670100004,784,427,310,300,93,39,19,18,17,26,16,16,15,25,17,23,11,10,10,10,10,10,10,10,10,10,10,10,10,10,10,10,10,10,10,10,10,10,10,10,31,10,10,10,10,10,10,10,10,10,10,10,10,10,10,10,10,10,10,10,10,10,10,10,10,10,10,10,10,10,10,10,10,10,10,10,10,10,10,9,9,9,9,9,9,8,6,10,4,4,4,5,10,10,10,0
55336,2022/11/11 16:08:44,NEW_VALSET,40605FBD4B1F72C700998D6A885C9444992E8D1F3624318DF73915E2D22F3F90,C2AB282FF3E8EA9F176D1CE4FAB2EA76765BE4F0D442ACCA848060E59AC2B551,6A3CACEAEA586C9AF3051249D6FF34942835DF10,670102928,670100004,784,427,310,300,93,39,19,18,17,26,16,16,15,25,17,23,11,10,10,10,10,10,10,10,10,10,10,10,10,10,10,10,10,10,10,10,10,10,10,10,31,10,10,10,10,10,10,10,10,10,10,10,10,10,10,10,10,10,10,10,10,10,10,10,10,10,10,10,10,10,10,10,10,10,10,10,10,10,10,9,9,9,9,9,9,8,6,10,4,4,4,7,10,10,10,0
55372,2022/11/11 16:11:46,NEW_VALSET,0028F9F23284EA7375214814280D9C57C57A0553CC5F886BFBF2000AA5C4855B,8D4C670A748CE519F10AA8689B9664719BDD2E1B63CFBF42D28E835C9646184F,6A3CACEAEA586C9AF3051249D6FF34942835DF10,670102930,670100004,784,427,310,300,93,39,19,18,17,26,16,16,15,25,17,23,11,10,10,10,10,10,10,10,10,10,10,10,10,10,10,10,10,10,10,10,10,10,10,10,31,10,10,10,10,10,10,10,10,10,10,10,10,10,10,10,10,10,10,10,10,10,10,10,10,10,10,10,10,10,10,10,10,10,10,10,10,10,10,9,9,9,9,9,9,8,6,10,4,4,4,9,10,10,10,0
55408,2022/11/11 16:14:48,NEW_VALSET,6AF613281CAFE84CAD6BAEBBDEFA2CBD3A764500E3F59FBFF52D356CBD86AA6B,76AC14E65B3DB11758A0D9B93C818643283F301BF8CA544D42F6D8EE0E58B645,6A3CACEAEA586C9AF3051249D6FF34942835DF10,670102931,670100004,784,427,310,300,93,39,19,18,17,26,16,16,15,25,17,23,11,10,10,10,10,10,10,10,10,10,10,10,10,10,10,10,10,10,10,10,10,10,10,10,31,10,10,10,10,10,10,10,10,10,10,10,10,10,10,10,10,10,10,10,10,10,10,10,10,10,10,10,10,10,10,10,10,10,10,10,10,10,10,9,9,9,9,9,9,8,6,10,4,4,4,10,10,10,10,0
55480,2022/11/11 16:20:52,NEW_VALSET,E96CA9F6723B8B1F042741BE30D89C2451FE908341B5418BFA2EF01598AF2277,BCE8B40708DA46540BBE9A1933B721B0C351F54ECAE8A1D0A7B47C53D22FE748,6A3CACEAEA586C9AF3051249D6FF34942835DF10,670102932,670100004,784,427,310,300,93,39,19,18,17,26,16,16,15,25,17,23,11,10,10,10,10,10,10,10,10,10,10,10,10,10,10,10,10,10,10,10,10,10,10,10,31,10,10,10,10,10,10,10,10,10,10,10,10,10,10,10,10,10,10,10,10,10,10,10,10,10,10,10,10,10,10,10,10,10,10,10,10,10,10,9,9,9,9,9,9,8,6,10,4,4,5,10,10,10,10,0
55515,2022/11/11 16:23:49,NEW_VALSET,3B838379195E322AA0256188974C2EE6B7213716BE169B617751E9D76D142224,40B268E31506290A13607074041C6DEE4480B684422BDC4A0F237048BEE772BE,6A3CACEAEA586C9AF3051249D6FF34942835DF10,670102934,670100004,784,427,310,300,93,39,19,18,17,26,16,16,15,25,17,23,11,10,10,10,10,10,10,10,10,10,10,10,10,10,10,10,10,10,10,10,10,10,10,10,31,10,10,10,10,10,10,10,10,10,10,10,10,10,10,10,10,10,10,10,10,10,10,10,10,10,10,10,10,10,10,10,10,10,10,10,10,10,10,9,9,9,9,9,9,8,6,10,4,4,7,10,10,10,10,0
55551,2022/11/11 16:26:51,NEW_VALSET,C5E6CF3692C42BBCCEA29CA45F04E33B479A1E95CA91F2CE028071D8E924D54B,6E9BBA851A42417B886B0277CA35D7E681C5CFEE34D898FF7CCB2A6F797896DB,6A3CACEAEA586C9AF3051249D6FF34942835DF10,670102936,670100004,784,427,310,300,93,39,19,18,17,26,16,16,15,25,17,23,11,10,10,10,10,10,10,10,10,10,10,10,10,10,10,10,10,10,10,10,10,10,10,10,31,10,10,10,10,10,10,10,10,10,10,10,10,10,10,10,10,10,10,10,10,10,10,10,10,10,10,10,10,10,10,10,10,10,10,10,10,10,10,9,9,9,9,9,9,8,6,10,4,4,9,10,10,10,10,0
55587,2022/11/11 16:29:53,NEW_VALSET,F57E99CE3EE17C15D9E38C615F87533A957A83FDDAA7F873E9B83C13D42D4ED9,5E722FA595CB3AF37092B87E7BD6E5D9CCF4F1CFD8A4B366B4032C510D972BAC,6A3CACEAEA586C9AF3051249D6FF34942835DF10,670102937,670100004,784,427,310,300,93,39,19,18,17,26,16,16,15,25,17,23,11,10,10,10,10,10,10,10,10,10,10,10,10,10,10,10,10,10,10,10,10,10,10,10,31,10,10,10,10,10,10,10,10,10,10,10,10,10,10,10,10,10,10,10,10,10,10,10,10,10,10,10,10,10,10,10,10,10,10,10,10,10,10,9,9,9,9,9,9,8,6,10,4,4,10,10,10,10,10,0
55659,2022/11/11 16:35:57,NEW_VALSET,65CBBC2227E7B39BF9ACBFFC6E96E09350F59EEE307D2452EC5A0896023B2792,2320D34FC848A26FABD01146EA5DF8F00778C81D7800398F447B164515C3EEB1,6A3CACEAEA586C9AF3051249D6FF34942835DF10,670102938,670100004,784,427,310,300,93,39,19,18,17,26,16,16,15,25,17,23,11,10,10,10,10,10,10,10,10,10,10,10,10,10,10,10,10,10,10,10,10,10,10,10,31,10,10,10,10,10,10,10,10,10,10,10,10,10,10,10,10,10,10,10,10,10,10,10,10,10,10,10,10,10,10,10,10,10,10,10,10,10,10,9,9,9,9,9,9,8,6,10,4,5,10,10,10,10,10,0
55695,2022/11/11 16:38:59,NEW_VALSET,B8BD1F30DF7D5CB9FFA185D7ACFA0BC300A1FD19D7BF7352B54C56F56B18B845,5E3D17199A18FAD2604C74C6947C0A201F94886EF1B4B61C20C58823CBA2FAC3,6A3CACEAEA586C9AF3051249D6FF34942835DF10,670102940,670100004,784,427,310,300,93,39,19,18,17,26,16,16,15,25,17,23,11,10,10,10,10,10,10,10,10,10,10,10,10,10,10,10,10,10,10,10,10,10,10,10,31,10,10,10,10,10,10,10,10,10,10,10,10,10,10,10,10,10,10,10,10,10,10,10,10,10,10,10,10,10,10,10,10,10,10,10,10,10,10,9,9,9,9,9,9,8,6,10,4,7,10,10,10,10,10,0
55731,2022/11/11 16:42:01,NEW_VALSET,190BE4398472E59356AA1120E23ED2BAF337F8A9BB8B1266480B3B608BB85233,91D20B9D52BBE202556780C6F263E4B0C9E7CC1E670A03F89A0BE528CED123F2,6A3CACEAEA586C9AF3051249D6FF34942835DF10,670102942,670100004,784,427,310,300,93,39,19,18,17,26,16,16,15,25,17,23,11,10,10,10,10,10,10,10,10,10,10,10,10,10,10,10,10,10,10,10,10,10,10,10,31,10,10,10,10,10,10,10,10,10,10,10,10,10,10,10,10,10,10,10,10,10,10,10,10,10,10,10,10,10,10,10,10,10,10,10,10,10,10,9,9,9,9,9,9,8,6,10,4,9,10,10,10,10,10,0
55758,2022/11/11 16:44:18,NEW_VALSET,A32612CD9C3A0ED6DBE1662D740FC70CC6DD664FB2B0F7844E8D5DF54E710B3E,9C9E762D1F2A862D21D4C15AD0E5E253BF7EC1A9A664C040B2B571009773ABFD,6A3CACEAEA586C9AF3051249D6FF34942835DF10,670102943,670100004,784,427,310,300,93,39,19,18,17,26,16,16,15,25,17,23,11,10,10,10,10,10,10,10,10,10,10,10,10,10,10,10,10,10,10,10,10,10,10,10,31,10,10,10,10,10,10,10,10,10,10,10,10,10,10,10,10,10,10,10,10,10,10,11,10,10,10,10,10,10,10,10,10,10,10,10,10,10,10,9,9,9,9,9,9,8,6,10,4,9,10,10,10,10,10,0
55767,2022/11/11 16:45:03,NEW_VALSET,90E7251A1D95308E8603CBBD2F30DABB09BE362B59A8D821FF5BAABB11550684,2C75DD75842FF34E49FE5605DE8AF6F14FDB4BDE5BF95F8F8FE986CAB44909E5,6A3CACEAEA586C9AF3051249D6FF34942835DF10,670102944,670100004,784,427,310,300,93,39,19,18,17,26,16,16,15,25,17,23,11,10,10,10,10,10,10,10,10,10,10,10,10,10,10,10,10,10,10,10,10,10,10,10,31,10,10,10,10,10,10,10,10,10,10,10,10,10,10,10,10,10,10,10,10,10,10,11,10,10,10,10,10,10,10,10,10,10,10,10,10,10,10,9,9,9,9,9,9,8,6,10,4,10,10,10,10,10,10,0
55838,2022/11/11 16:51:02,NEW_VALSET,4227C2855797B28A02A19591DC53563E33FE6267774093E0B8EC6AF5994AE856,7F30AEB53520549E19986F04023C69B124E93B7C326E3A635D032AB64A6FF4ED,6A3CACEAEA586C9AF3051249D6FF34942835DF10,670102947,670100004,784,427,310,300,93,39,19,18,17,26,16,16,15,25,17,23,11,10,10,10,10,10,10,10,10,10,10,10,10,10,10,10,10,10,10,10,10,10,10,10,31,10,10,10,10,10,10,10,10,10,10,10,10,10,10,10,10,10,10,10,10,10,10,11,10,10,10,10,10,10,10,10,10,10,10,10,10,10,10,9,9,9,9,9,9,8,6,10,7,10,10,10,10,10,10,0
55874,2022/11/11 16:54:04,NEW_VALSET,46D9D17B3389E5AD2E4B27583286073114233C35BEEA6E1D40D972AAF8429E53,A7FB95EA58A3EC919EB1CE71CC30B8AFBDE306AB0AEC74310486909FBA5EA613,6A3CACEAEA586C9AF3051249D6FF34942835DF10,670102949,670100004,784,427,310,300,93,39,19,18,17,26,16,16,15,25,17,23,11,10,10,10,10,10,10,10,10,10,10,10,10,10,10,10,10,10,10,10,10,10,10,10,31,10,10,10,10,10,10,10,10,10,10,10,10,10,10,10,10,10,10,10,10,10,10,11,10,10,10,10,10,10,10,10,10,10,10,10,10,10,10,9,9,9,9,9,9,8,6,10,9,10,10,10,10,10,10,0
55910,2022/11/11 16:57:07,NEW_VALSET,177E03C7093F54D8315B66597C2A6F01445B16F30242B482CCE1F518E1928455,25D993B0CFBE3F3FD0B75F55F69DEF9256F1019C1E5025341E4FC5E33B40A748,6A3CACEAEA586C9AF3051249D6FF34942835DF10,670102950,670100004,784,427,310,300,93,39,19,18,17,26,16,16,15,25,17,23,11,10,10,10,10,10,10,10,10,10,10,10,10,10,10,10,10,10,10,10,10,10,10,10,31,10,10,10,10,10,10,10,10,10,10,10,10,10,10,10,10,10,10,10,10,10,10,11,10,10,10,10,10,10,10,10,10,10,10,10,10,10,10,9,9,9,9,9,9,8,6,10,10,10,10,10,10,10,10,0
55982,2022/11/11 17:03:11,NEW_VALSET,EA95A383E576E44879E5CF53F218B8750AAAFA3F47E986E90D891C49B58F9F7C,DA84AA9A63812D611603AD4D6961CD388692A1FDAE2EE90FB6EF46F0225CE4E7,6A3CACEAEA586C9AF3051249D6FF34942835DF10,670102953,670100004,784,427,310,300,93,39,19,18,17,26,16,16,15,25,17,23,11,10,10,10,10,10,10,10,10,10,10,10,10,10,10,10,10,10,10,10,10,10,10,10,31,10,10,10,10,10,10,10,10,10,10,10,10,10,10,10,10,10,10,10,10,10,10,11,10,10,10,10,10,10,10,10,10,10,10,10,10,10,10,9,9,9,9,9,9,8,9,10,10,10,10,10,10,10,10,0
56018,2022/11/11 17:06:13,NEW_VALSET,C94825C7F76A4FFAC60DC20FDD064B5E938C33628620F878F081E2488B252EE9,7F74781A7551498CEA44A4CE0E41CB46441AB374C92E0965459F2128F696797F,6A3CACEAEA586C9AF3051249D6FF34942835DF10,670102954,670100004,784,427,310,300,93,39,19,18,17,26,16,16,15,25,17,23,11,10,10,10,10,10,10,10,10,10,10,10,10,10,10,10,10,10,10,10,10,10,10,10,31,10,10,10,10,10,10,10,10,10,10,10,10,10,10,10,10,10,10,10,10,10,10,11,10,10,10,10,10,10,10,10,10,10,10,10,10,10,10,9,9,9,9,9,9,8,10,10,10,10,10,10,10,10,10,0
56089,2022/11/11 17:12:12,NEW_VALSET,039B747DE8A025AFC70E2511DAEC45D2D038413E423EAFFEBBEB52380E8B8DF5,E0809B6F84842A4F01D37407B309BA56923E9AF54C84DE8F01DDC471E39DF19C,6A3CACEAEA586C9AF3051249D6FF34942835DF10,670102956,670100004,784,427,310,300,93,39,19,18,17,26,16,16,15,25,17,23,11,10,10,10,10,10,10,10,10,10,10,10,10,10,10,10,10,10,10,10,10,10,10,10,31,10,10,10,10,10,10,10,10,10,10,10,10,10,10,10,10,10,10,10,10,10,10,11,10,10,10,10,10,10,10,10,10,10,10,10,10,10,10,9,9,9,9,9,9,10,10,10,10,10,10,10,10,10,10,0
56161,2022/11/11 17:18:17,NEW_VALSET,E078484ED0D854B23589D3DC0A1CEC5E18596B6D7B628906C647C9009FD3A8B4,90662700AE949F39AF6F1EA3C834F511E139E350357CD6EB734EBF0F08610284,6A3CACEAEA586C9AF3051249D6FF34942835DF10,670102957,670100004,784,427,310,300,93,39,19,18,17,26,16,16,15,25,17,23,11,10,10,10,10,10,10,10,10,10,10,10,10,10,10,10,10,10,10,10,10,10,10,10,31,10,10,10,10,10,10,10,10,10,10,10,10,10,10,10,10,10,10,10,10,10,10,11,10,10,10,10,10,10,10,10,10,10,10,10,10,10,10,9,9,9,9,9,10,10,10,10,10,10,10,10,10,10,10,0
56233,2022/11/11 17:24:21,NEW_VALSET,9F2DAA442522BED7341E8AE65099038E86178486A9D2E92D8C04D2E06DA70DBF,561864C03967385083EFE9CC6C03A5B93824109B6795639D3B14479FD89A3BBF,6A3CACEAEA586C9AF3051249D6FF34942835DF10,670102958,670100004,784,427,310,300,93,39,19,18,17,26,16,16,15,25,17,23,11,10,10,10,10,10,10,10,10,10,10,10,10,10,10,10,10,10,10,10,10,10,10,10,31,10,10,10,10,10,10,10,10,10,10,10,10,10,10,10,10,10,10,10,10,10,10,11,10,10,10,10,10,10,10,10,10,10,10,10,10,10,10,9,9,9,9,10,10,10,10,10,10,10,10,10,10,10,10,0
56304,2022/11/11 17:30:21,NEW_VALSET,EC9CCBE826EA3973C6845523E1F7E6E5889D6C515081BA0A20DD91E6D681FB8D,3CBA535AF425790EE395D26058A2FFAF91B4A50442A1517A776C3DB60F92AB42,6A3CACEAEA586C9AF3051249D6FF34942835DF10,670102959,670100004,784,427,310,300,93,39,19,18,17,26,16,16,15,25,17,23,11,10,10,10,10,10,10,10,10,10,10,10,10,10,10,10,10,10,10,10,10,10,10,10,31,10,10,10,10,10,10,10,10,10,10,10,10,10,10,10,10,10,10,10,10,10,10,11,10,10,10,10,10,10,10,10,10,10,10,10,10,10,10,9,9,9,10,10,10,10,10,10,10,10,10,10,10,10,10,0
56376,2022/11/11 17:36:25,NEW_VALSET,AFB620792ED856A2F094FB7156FFF4DE9567C1BA43A526EBEBAFA3C3A8D7165A,E5A6143B8A1F3B0D9C89457FB87902FEA60F92EF97A79EBB41A3B989A4BCEF82,6A3CACEAEA586C9AF3051249D6FF34942835DF10,670102960,670100004,784,427,310,300,93,39,19,18,17,26,16,16,15,25,17,23,11,10,10,10,10,10,10,10,10,10,10,10,10,10,10,10,10,10,10,10,10,10,10,10,31,10,10,10,10,10,10,10,10,10,10,10,10,10,10,10,10,10,10,10,10,10,10,11,10,10,10,10,10,10,10,10,10,10,10,10,10,10,10,9,9,10,10,10,10,10,10,10,10,10,10,10,10,10,10,0
56448,2022/11/11 17:42:30,NEW_VALSET,D5115B19D12951260C8832215A989B90E5ECAC5579D5FF51F74C9E089A49E3A5,B1D72BD02B90E85B2A02AE1D23377AE06B539B11CDB600B96BD5D587EB6C876B,6A3CACEAEA586C9AF3051249D6FF34942835DF10,670102961,670100004,784,427,310,300,93,39,19,18,17,26,16,16,15,25,17,23,11,10,10,10,10,10,10,10,10,10,10,10,10,10,10,10,10,10,10,10,10,10,10,10,31,10,10,10,10,10,10,10,10,10,10,10,10,10,10,10,10,10,10,10,10,10,10,11,10,10,10,10,10,10,10,10,10,10,10,10,10,10,10,9,10,10,10,10,10,10,10,10,10,10,10,10,10,10,10,0
56467,2022/11/11 17:44:06,NEW_VALSET,9A4FA932057AB74E132D43C879C679A37D6D596608455926AEC45BF5FA61C4D2,A652610E11514E865856F655830C7C8570DD551ADDD076C73DF35D24467A4247,6A3CACEAEA586C9AF3051249D6FF34942835DF10,670102962,670100004,784,427,310,300,93,39,19,18,17,26,16,16,15,25,17,23,11,10,10,10,10,10,10,10,10,10,10,10,10,10,10,10,10,10,10,10,10,10,10,10,31,10,10,10,10,10,10,10,10,10,10,10,10,10,10,10,10,10,10,10,10,10,10,11,10,10,10,10,10,10,10,10,10,10,10,10,10,10,10,9,10,10,10,10,10,10,10,10,10,10,10,10,10,10,10,1
56520,2022/11/11 17:48:34,NEW_VALSET,DA2EEA19997E5A0D4A87B8505E8714806157B5BCD432D4FBDD442189FA4D2411,EFEA35B98EA847C58BD5CFD46D5F5CAD6467831703A114CC9EE2E6FCDAE9F8AA,6A3CACEAEA586C9AF3051249D6FF34942835DF10,670102971,670100004,784,427,310,300,93,39,19,18,17,26,16,16,15,25,17,23,11,10,10,10,10,10,10,10,10,10,10,10,10,10,10,10,10,10,10,10,10,10,10,10,31,10,10,10,10,10,10,10,10,10,10,10,10,10,10,10,10,10,10,10,10,10,10,11,10,10,10,10,10,10,10,10,10,10,10,10,10,10,10,9,10,10,10,10,10,10,10,10,10,10,10,10,10,10,10,10
56522,2022/11/11 17:48:44,NEW_VALSET,384551C386D6527E4E53A70BAF68372CF264D56CE320311731110BD1BDC16135,8FC48493FD8E62795CD935E21B0A7E4359675C48BDB7D240C0A212DC0507D9AC,6A3CACEAEA586C9AF3051249D6FF34942835DF10,670102979,670100004,784,427,310,300,93,39,19,18,17,26,16,16,15,25,17,23,11,10,10,10,10,10,10,10,10,10,10,10,10,10,10,10,10,10,10,10,10,10,10,10,31,10,10,10,10,10,10,10,10,10,10,10,10,10,10,10,10,10,10,10,10,10,10,11,10,10,10,10,10,10,10,10,10,10,10,10,10,10,10,9,10,10,10,10,10,10,10,10,10,10,10,10,10,10,10,18
56849,2022/11/11 18:16:17,NEW_VALSET,4E345371F3F14C47FF187F49E2744675E4FB9C0CA039E9DAD78E4C1930CEBC4B,7704BB3A229504149A68D8B6D56BC685954947AF032266A724A70F6189E8E48A,6A3CACEAEA586C9AF3051249D6FF34942835DF10,670102968,670100004,784,427,310,300,93,39,19,18,17,26,16,16,15,25,17,23,11,10,10,10,10,10,10,10,10,10,10,10,10,10,10,10,10,10,10,10,10,10,10,10,31,10,10,10,10,10,10,10,10,10,10,10,10,10,10,10,10,10,10,10,10,10,10,0,10,10,10,10,10,10,10,10,10,10,10,10,10,10,10,9,10,10,10,10,10,10,10,10,10,10,10,10,10,10,10,18
56998,2022/11/11 18:31:34,NEW_VALSET,C50154E219DB3986F648190CF6A7A8A22FA7CCE5F307AA77D37A126E0DDC06B0,0F819E88D36AFF272B8325DF824658F4798200E8F6DAA4ABA7BBEC95F56311AB,6A3CACEAEA586C9AF3051249D6FF34942835DF10,670102958,670100004,784,427,310,300,93,39,19,18,17,26,16,16,15,25,17,23,11,10,10,10,10,10,10,0,10,10,10,10,10,10,10,10,10,10,10,10,10,10,10,10,31,10,10,10,10,10,10,10,10,10,10,10,10,10,10,10,10,10,10,10,10,10,10,0,10,10,10,10,10,10,10,10,10,10,10,10,10,10,10,9,10,10,10,10,10,10,10,10,10,10,10,10,10,10,10,18
57418,2022/11/11 19:06:59,NEW_VALSET,027329E96F496BB5457B2C71678DBC385195BB56A46A01B41824D8F83B1A936D,A78D78996ED28F4D0947C59888E64BE9F0C65DEC56E9AF0B701152EFCA4F7548,6A3CACEAEA586C9AF3051249D6FF34942835DF10,670102928,670100004,784,427,310,300,93,39,19,18,17,26,16,16,15,25,17,23,11,10,10,10,10,10,10,0,10,10,10,10,10,10,10,10,10,10,10,10,10,10,0,10,31,10,10,10,10,10,10,10,10,10,10,10,10,10,10,10,10,10,0,10,10,10,10,0,10,10,10,10,10,10,0,10,10,10,10,10,10,10,10,9,10,10,10,10,10,10,10,10,10,10,10,10,10,10,10,18
58154,2022/11/11 20:09:06,NEW_VALSET,35187288E3B75D787A8CD304626E39D7F8E45DAE6C84A4C99BAEDD4662D9000C,67676420B502FDB155D2DC2360ADE753A98182D4A4AB9CEAF3D26E654006DF4A,6A3CACEAEA586C9AF3051249D6FF34942835DF10,670102930,670100004,784,427,310,300,93,39,19,18,17,26,16,16,15,25,17,23,11,10,10,10,10,10,10,0,10,10,10,10,10,10,10,10,10,10,10,10,10,10,0,10,31,10,10,10,10,10,10,10,10,10,10,10,10,10,10,10,10,10,0,10,10,10,10,0,10,10,10,10,10,10,0,10,10,10,10,10,10,10,10,11,10,10,10,10,10,10,10,10,10,10,10,10,10,10,10,18
58190,2022/11/11 20:12:09,NEW_VALSET,AFB6C703BF78894DD39E6E36B499D2B767245132F7522D3F759E01B471314796,46B882DBB5B14266634C191C79E050DFC0093D1D95656CC127AFE665DF8ABF22,6A3CACEAEA586C9AF3051249D6FF34942835DF10,670102935,670100004,784,427,310,300,93,39,19,18,17,26,16,16,15,25,17,23,11,10,10,10,10,10,10,0,10,10,10,10,10,10,10,10,10,10,10,10,10,10,0,10,31,10,10,10,10,10,10,10,10,10,10,10,10,10,10,10,10,10,0,10,10,10,10,0,10,10,10,10,10,10,0,10,10,10,10,10,10,10,10,16,10,10,10,10,10,10,10,10,10,10,10,10,10,10,10,18
58226,2022/11/11 20:15:11,NEW_VALSET,0539C1D3EB8F437707658E62990C69B39ACE3D66BEA0EFFBA0CBBE47805564C6,6905AA4324017ED11B5E05CCCE67F0608584A88B4E479E66CB9EB81B0E25F3DA,6A3CACEAEA586C9AF3051249D6FF34942835DF10,670102937,670100004,784,427,310,300,93,39,19,18,17,26,16,16,15,25,17,23,11,10,10,10,10,10,10,0,10,10,10,10,10,10,10,10,10,10,10,10,10,10,0,10,31,10,10,10,10,10,10,10,10,10,10,10,10,10,10,10,10,10,0,10,10,10,10,0,10,10,10,10,10,10,0,10,10,10,10,10,10,10,10,18,10,10,10,10,10,10,10,10,10,10,10,10,10,10,10,18
58262,2022/11/11 20:18:12,NEW_VALSET,17E9AF5F122CD21C1F79E655D3FDA1FD1405AF8C224FE9AFB20A5CC68AF8DF1C,A06038DFDF2ED217F46239CCDF51578498AA72A0B80B93A5334959CE6D810645,6A3CACEAEA586C9AF3051249D6FF34942835DF10,670102938,670100004,784,427,310,300,93,39,19,18,17,26,16,16,15,25,17,23,11,10,10,10,10,10,10,0,10,10,10,10,10,10,10,10,10,10,10,10,10,10,0,10,31,10,10,10,10,10,10,10,10,10,10,10,10,10,10,10,10,10,0,10,10,10,10,0,10,10,10,10,10,10,0,10,10,10,10,10,10,10,10,19,10,10,10,10,10,10,10,10,10,10,10,10,10,10,10,18
58334,2022/11/11 20:24:16,NEW_VALSET,F2422CB4D6CA3DD876F03B50C0F22D09F892DC5B3E28A66F487C03DFD37E36CF,5B41B06E9F75411DCBE7C19EFF68CB3FFDF9524F39D4239AA3396A43FC59AEC8,6A3CACEAEA586C9AF3051249D6FF34942835DF10,670102939,670100004,784,427,310,300,93,39,19,18,17,26,16,16,15,25,17,23,11,10,10,10,10,10,10,0,10,10,10,10,10,10,10,10,10,10,10,10,10,10,0,10,31,10,10,10,10,10,10,10,10,10,10,10,10,10,10,10,10,10,0,10,10,10,10,0,10,10,10,10,10,10,0,10,10,10,10,10,10,10,10,19,10,10,10,10,11,10,10,10,10,10,10,10,10,10,10,18
58370,2022/11/11 20:27:18,NEW_VALSET,D7E6D87A4AD96B91EECAE38451FAC4B9DBE05DB2C7B4028315898B703E99E769,E9EB884B23DECC64E3B78859808620326B848622D188BBD5700C4F247EE80D71,6A3CACEAEA586C9AF3051249D6FF34942835DF10,670102940,670100004,784,427,310,300,93,39,19,18,17,26,16,16,15,25,17,23,11,10,10,10,10,10,10,0,10,10,10,10,10,10,10,10,10,10,10,10,10,10,0,10,31,10,10,10,10,10,10,10,10,10,10,10,10,10,10,10,10,10,0,10,10,10,10,0,10,10,10,10,10,10,0,10,10,10,10,10,10,10,10,19,10,10,10,10,12,10,10,10,10,10,10,10,10,10,10,18
58405,2022/11/11 20:30:15,NEW_VALSET,B6AC97DC7D57AD88EC8D17F3F4136E9332472D747B394EA46298D4573ABA2C62,3AEC68DBDDF57C3A2AB89EFA018FA1ED9D3E41900AE0E3495950571959738094,6A3CACEAEA586C9AF3051249D6FF34942835DF10,670102944,670100004,784,427,310,300,93,39,19,18,17,26,16,16,15,25,17,23,11,10,10,10,10,10,10,0,10,10,10,10,10,10,10,10,10,10,10,10,10,10,0,10,31,10,10,10,10,10,10,10,10,10,10,10,10,10,10,10,10,10,0,10,10,10,10,0,10,10,10,10,10,10,0,10,10,10,10,10,10,10,10,19,10,10,10,10,16,10,10,10,10,10,10,10,10,10,10,18
58441,2022/11/11 20:33:17,NEW_VALSET,4C9A176B794DCA1C70D56F94B4CA24B32F7EB5D44710FDD27A7CBC74F26738BF,367D1C45EA923BFA52E0AF24BF2914FE99B2002636D4936FD30DBDEE80600853,6A3CACEAEA586C9AF3051249D6FF34942835DF10,670102945,670100004,784,427,310,300,93,39,19,18,17,26,16,16,15,25,17,23,11,10,10,10,10,10,10,0,10,10,10,10,10,10,10,10,10,10,10,10,10,10,0,10,31,10,10,10,10,10,10,10,10,10,10,10,10,10,10,10,10,10,0,10,10,10,10,0,10,10,10,10,10,10,0,10,10,10,10,10,10,10,10,19,10,10,10,10,17,10,10,10,10,10,10,10,10,10,10,18
58477,2022/11/11 20:36:19,NEW_VALSET,73200E7DE15ABE10001B7562780910314EEC7814F5E47F62BABA7340C18B5733,548A03256BCE4BB5227C5B93B87341C485AE562F35A4ED178724B3CA8A216E01,6A3CACEAEA586C9AF3051249D6FF34942835DF10,670102946,670100004,784,427,310,300,93,39,19,18,17,26,16,16,15,25,17,23,11,10,10,10,10,10,10,0,10,10,10,10,10,10,10,10,10,10,10,10,10,10,0,10,31,10,10,10,10,10,10,10,10,10,10,10,10,10,10,10,10,10,0,10,10,10,10,0,10,10,10,10,10,10,0,10,10,10,10,10,10,10,10,19,10,10,10,10,18,10,10,10,10,10,10,10,10,10,10,18
58513,2022/11/11 20:39:21,NEW_VALSET,3BED27B8C553795D51C20E91300706B9B0660531A157CB0347DA13C6DB3B9BB5,51FCDD36CB2E11DD180F5AB101F34AA40EB3D4DC6A9E4C62F51D9E109F625BE0,6A3CACEAEA586C9AF3051249D6FF34942835DF10,670102956,670100004,784,427,310,300,93,39,19,18,17,26,16,16,15,25,17,23,11,10,10,10,10,10,10,0,10,10,10,10,10,10,10,10,10,10,10,10,10,10,9,10,31,10,10,10,10,10,10,10,10,10,10,10,10,10,10,10,10,10,0,10,10,10,10,0,10,10,10,10,10,10,0,10,10,10,10,10,10,10,10,19,10,10,10,10,19,10,10,10,10,10,10,10,10,10,10,18
58549,2022/11/11 20:42:23,NEW_VALSET,9FC729EA5BCCFD8ECEF01C4D06ED6806A85E30D43884CC14E6D5F7798856D101,1E70B0623733E5EE7B921E38754E8B6F5379DA0B195DDBFCC1A7E6FF9D4D3685,6A3CACEAEA586C9AF3051249D6FF34942835DF10,670102957,670100004,784,427,310,300,93,39,19,18,17,26,16,16,15,25,17,23,11,10,10,10,10,10,10,0,10,10,10,10,10,10,10,10,10,10,10,10,10,10,9,10,31,10,10,10,10,10,10,10,10,10,10,10,10,10,10,10,10,10,0,10,10,10,10,0,10,10,10,10,10,10,0,10,10,10,10,10,10,10,10,19,10,10,10,10,20,10,10,10,10,10,10,10,10,10,10,18
58550,2022/11/11 20:42:28,NEW_VALSET,1E39F477D0AD364A0C00E969907DBB588699B789DE72A6BFA3A04818294F523B,25997B28F838D94FB44445FE2055FF4F5E635FB620F2CDF831132CF41B00B23F,6A3CACEAEA586C9AF3051249D6FF34942835DF10,670102947,670100004,784,427,310,300,93,39,19,18,17,26,16,16,15,25,17,23,11,10,10,10,10,10,10,0,10,10,10,10,10,10,10,10,10,10,10,10,10,10,9,10,31,10,10,10,10,10,10,10,10,10,10,10,10,10,10,10,10,10,0,10,10,10,10,0,10,10,10,10,10,10,0,10,10,10,10,10,10,10,10,19,10,10,0,10,20,10,10,10,10,10,10,10,10,10,10,18
58621,2022/11/11 20:48:27,NEW_VALSET,0494F8170B385D1987B3CC89170F761B447828508948B1E7C5CAE058ECBBA11E,B19AEB4BA09B1EC2D9D8086F36B8DC0D78999C2992E18BABF88AD394E65C74E9,6A3CACEAEA586C9AF3051249D6FF34942835DF10,670102949,670100004,784,427,310,300,93,39,19,18,17,26,16,16,15,25,17,23,11,10,10,10,10,10,10,0,10,10,10,10,10,10,10,10,10,10,10,10,10,10,11,10,31,10,10,10,10,10,10,10,10,10,10,10,10,10,10,10,10,10,0,10,10,10,10,0,10,10,10,10,10,10,0,10,10,10,10,10,10,10,10,19,10,10,0,10,20,10,10,10,10,10,10,10,10,10,10,18
58630,2022/11/11 20:49:13,NEW_VALSET,A7E196161E4A70185604A9F4AF08DE58AE1B46A3F79CFB292D9A451DA13CFF9B,D077B327F076D3E6395803701704E1F1B0769211FE7EBF8C5D913F6F7F76D5E7,6A3CACEAEA586C9AF3051249D6FF34942835DF10,670102958,670100004,784,427,310,300,93,39,19,18,17,26,16,16,15,25,17,23,11,10,10,10,10,10,10,9,10,10,10,10,10,10,10,10,10,10,10,10,10,10,11,10,31,10,10,10,10,10,10,10,10,10,10,10,10,10,10,10,10,10,0,10,10,10,10,0,10,10,10,10,10,10,0,10,10,10,10,10,10,10,10,19,10,10,0,10,20,10,10,10,10,10,10,10,10,10,10,18
58657,2022/11/11 20:51:30,NEW_VALSET,346098375FA9C0AF3FB79F9EEF86E57003428746582B0201A6F00D332B9D4E12,85B7EAD4A176CDB53F1854893B69E07596AFC7AC723AF309CAB204C60AF657A4,6A3CACEAEA586C9AF3051249D6FF34942835DF10,670102963,670100004,784,427,310,300,93,39,19,18,17,26,16,16,15,25,17,23,11,10,10,10,10,10,10,9,10,10,10,10,10,10,10,10,10,10,10,10,10,10,16,10,31,10,10,10,10,10,10,10,10,10,10,10,10,10,10,10,10,10,0,10,10,10,10,0,10,10,10,10,10,10,0,10,10,10,10,10,10,10,10,19,10,10,0,10,20,10,10,10,10,10,10,10,10,10,10,18
58693,2022/11/11 20:54:31,NEW_VALSET,0513302E3FCE2BAAF9F8EE9B790DE84648112DA643F2D6E74D178EFD3820A1E0,96A88F0810FFCCAB9FE9F77C442A20CFF66B0B0FD3CD69EB89401618132ACC73,6A3CACEAEA586C9AF3051249D6FF34942835DF10,670102964,670100004,784,427,310,300,93,39,19,18,17,26,16,16,15,25,17,23,11,10,10,10,10,10,10,9,10,10,10,10,10,10,10,10,10,10,10,10,10,10,17,10,31,10,10,10,10,10,10,10,10,10,10,10,10,10,10,10,10,10,0,10,10,10,10,0,10,10,10,10,10,10,0,10,10,10,10,10,10,10,10,19,10,10,0,10,20,10,10,10,10,10,10,10,10,10,10,18
58729,2022/11/11 20:57:33,NEW_VALSET,2CE42FA7D1367FD11707ECC59F5A116864686D66CEDCBDA3E24070E7A4B35B27,8D756E9971DC2B197CF39A0D7CCA1536D0E8BB1546DF8E3CC0FD6A8F0312A35A,6A3CACEAEA586C9AF3051249D6FF34942835DF10,670102966,670100004,784,427,310,300,93,39,19,18,17,26,16,16,15,25,17,23,11,10,10,10,10,10,10,9,10,10,10,10,10,10,10,10,10,10,10,10,10,10,19,10,31,10,10,10,10,10,10,10,10,10,10,10,10,10,10,10,10,10,0,10,10,10,10,0,10,10,10,10,10,10,0,10,10,10,10,10,10,10,10,19,10,10,0,10,20,10,10,10,10,10,10,10,10,10,10,18
58765,2022/11/11 21:00:35,NEW_VALSET,C5787A5E3970EE26897942DED364BEE47AA8C3F471B4C280631068D7BD5910C9,1069B30DC9EF89DD5AABBBF707587DB0F30AA85913077F23E91CB387495F2F74,6A3CACEAEA586C9AF3051249D6FF34942835DF10,670102967,670100004,784,427,310,300,93,39,19,18,17,26,16,16,15,25,17,23,11,10,10,10,10,10,10,9,10,10,10,10,10,10,10,10,10,10,10,10,10,10,20,10,31,10,10,10,10,10,10,10,10,10,10,10,10,10,10,10,10,10,0,10,10,10,10,0,10,10,10,10,10,10,0,10,10,10,10,10,10,10,10,19,10,10,0,10,20,10,10,10,10,10,10,10,10,10,10,18
58836,2022/11/11 21:06:35,NEW_VALSET,4766CC74BF951B009B2E3F2D0511FE6FB6D5B6490CAED51FF39F5237CC46C3E7,ED9FAFB6A730EAC717666F7E92EEFAB4F29CAEA532D7E157CCA38E4C272D469F,6A3CACEAEA586C9AF3051249D6FF34942835DF10,670102969,670100004,784,427,310,300,93,39,19,18,17,26,16,16,15,25,17,23,11,10,10,10,10,10,10,11,10,10,10,10,10,10,10,10,10,10,10,10,10,10,20,10,31,10,10,10,10,10,10,10,10,10,10,10,10,10,10,10,10,10,0,10,10,10,10,0,10,10,10,10,10,10,0,10,10,10,10,10,10,10,10,19,10,10,0,10,20,10,10,10,10,10,10,10,10,10,10,18
58872,2022/11/11 21:09:37,NEW_VALSET,80DE6D26831AD6A20223D7D12035F3989493597AACDA4DA3B6F344C7937C1889,AD2322CE4EAA0391A16C1265CDA009A5563FF87394EDEBEBC228C308DB9C08D6,6A3CACEAEA586C9AF3051249D6FF34942835DF10,670102974,670100004,784,427,310,300,93,39,19,18,17,26,16,16,15,25,17,23,11,10,10,10,10,10,10,16,10,10,10,10,10,10,10,10,10,10,10,10,10,10,20,10,31,10,10,10,10,10,10,10,10,10,10,10,10,10,10,10,10,10,0,10,10,10,10,0,10,10,10,10,10,10,0,10,10,10,10,10,10,10,10,19,10,10,0,10,20,10,10,10,10,10,10,10,10,10,10,18
58908,2022/11/11 21:12:39,NEW_VALSET,00BB228D7F3ABFD3000C613DFB4F33544FFD02CBFB54102863982F2B2B8F6248,51EEA341EA78A97495D2A5C8297865654B1DEBC615199B4048BB7AA1840DF4E8,6A3CACEAEA586C9AF3051249D6FF34942835DF10,670102976,670100004,784,427,310,300,93,39,19,18,17,26,16,16,15,25,17,23,11,10,10,10,10,10,10,18,10,10,10,10,10,10,10,10,10,10,10,10,10,10,20,10,31,10,10,10,10,10,10,10,10,10,10,10,10,10,10,10,10,10,0,10,10,10,10,0,10,10,10,10,10,10,0,10,10,10,10,10,10,10,10,19,10,10,0,10,20,10,10,10,10,10,10,10,10,10,10,18
58944,2022/11/11 21:15:41,NEW_VALSET,1EF93DC970EDD749359DD8C95A4F9B25A9D72D5D63047F21C9368F8B2A31EAE9,E1605640148D2309804423A47BBCD06E48F10FB1547BA2D67424A58979CD9B3F,6A3CACEAEA586C9AF3051249D6FF34942835DF10,670102977,670100004,784,427,310,300,93,39,19,18,17,26,16,16,15,25,17,23,11,10,10,10,10,10,10,19,10,10,10,10,10,10,10,10,10,10,10,10,10,10,20,10,31,10,10,10,10,10,10,10,10,10,10,10,10,10,10,10,10,10,0,10,10,10,10,0,10,10,10,10,10,10,0,10,10,10,10,10,10,10,10,19,10,10,0,10,20,10,10,10,10,10,10,10,10,10,10,18
59015,2022/11/11 21:21:41,NEW_VALSET,69C384ADC0D7C79B787DBFEAED86ACCC9EB46FCC4A382BBE82896D7414592947,76B15366698342BBC1BD5F3C99886C3C57E3C89EC8404928404406DC1C436F56,6A3CACEAEA586C9AF3051249D6FF34942835DF10,670102978,670100004,784,427,310,300,93,39,19,18,17,26,16,16,15,25,17,23,11,10,10,10,10,10,10,19,10,10,10,10,10,10,10,10,10,10,10,10,10,10,20,10,31,10,10,10,10,10,10,10,10,10,10,10,10,10,10,10,10,10,0,10,10,10,10,0,10,10,10,10,10,10,0,10,10,10,10,10,10,10,11,19,10,10,0,10,20,10,10,10,10,10,10,10,10,10,10,18
59051,2022/11/11 21:24:43,NEW_VALSET,0F69FA4B18CFEF00E71F6BE04B92424CBB23F66228C2F999FE030D256BA9EC43,2BA5F271CD4CB64FF963F11BC0A1A37377A88FC9DA9C7E9DC31532A9D608BFFA,6A3CACEAEA586C9AF3051249D6FF34942835DF10,670102979,670100004,784,427,310,300,93,39,19,18,17,26,16,16,15,25,17,23,11,10,10,10,10,10,10,19,10,10,10,10,10,10,10,10,10,10,10,10,10,10,20,10,31,10,10,10,10,10,10,10,10,10,10,10,10,10,10,10,10,10,0,10,10,10,10,0,10,10,10,10,10,10,0,10,10,10,10,10,10,10,12,19,10,10,0,10,20,10,10,10,10,10,10,10,10,10,10,18
59087,2022/11/11 21:27:45,NEW_VALSET,1AAA5E852B0F14B6735DF3455C9B25D503CB932ECF314A79DE509831644A4E90,E6927DDA51E1E6F7EBF0F55E6CA74890D9DF2E9DC3C6964A3F3D05016880B117,6A3CACEAEA586C9AF3051249D6FF34942835DF10,670102983,670100004,784,427,310,300,93,39,19,18,17,26,16,16,15,25,17,23,11,10,10,10,10,10,10,19,10,10,10,10,10,10,10,10,10,10,10,10,10,10,20,10,31,10,10,10,10,10,10,10,10,10,10,10,10,10,10,10,10,10,0,10,10,10,10,0,10,10,10,10,10,10,0,10,10,10,10,10,10,10,16,19,10,10,0,10,20,10,10,10,10,10,10,10,10,10,10,18
59123,2022/11/11 21:30:47,NEW_VALSET,4173B7C3D602C41C9A28BCBB2E679573694EAEEB27F8180362EBFE87377D289A,35C41AEE4B7BC1E0E58F504BC7ED4CE5C09031745B38FAF93998DFE71EB15D91,6A3CACEAEA586C9AF3051249D6FF34942835DF10,670102984,670100004,784,427,310,300,93,39,19,18,17,26,16,16,15,25,17,23,11,10,10,10,10,10,10,19,10,10,10,10,10,10,10,10,10,10,10,10,10,10,20,10,31,10,10,10,10,10,10,10,10,10,10,10,10,10,10,10,10,10,0,10,10,10,10,0,10,10,10,10,10,10,0,10,10,10,10,10,10,10,17,19,10,10,0,10,20,10,10,10,10,10,10,10,10,10,10,18
59159,2022/11/11 21:33:49,NEW_VALSET,500291CCBBEEB5573B1C8D756A8FE44A8FE4872B0BFAA3FFBBB7C86CDB3ED2C9,1F1B108ACDAE214B4FEE46489B715A7CC3018E2B94C83F7BA644894A8CED5AAB,6A3CACEAEA586C9AF3051249D6FF34942835DF10,670102985,670100004,784,427,310,300,93,39,19,18,17,26,16,16,15,25,17,23,11,10,10,10,10,10,10,19,10,10,10,10,10,10,10,10,10,10,10,10,10,10,20,10,31,10,10,10,10,10,10,10,10,10,10,10,10,10,10,10,10,10,0,10,10,10,10,0,10,10,10,10,10,10,0,10,10,10,10,10,10,10,18,19,10,10,0,10,20,10,10,10,10,10,10,10,10,10,10,18
59195,2022/11/11 21:36:51,NEW_VALSET,19DA4CD54BEA4B13C6722593427B14AA8AD5A7608798BE85582F50FBF2252FED,AB8CA98D6573F2386E10996F6E3B4684F9F9696230F7BC2F85F70D68BE5E5092,6A3CACEAEA586C9AF3051249D6FF34942835DF10,670102986,670100004,784,427,310,300,93,39,19,18,17,26,16,16,15,25,17,23,11,10,10,10,10,10,10,19,10,10,10,10,10,10,10,10,10,10,10,10,10,10,20,10,31,10,10,10,10,10,10,10,10,10,10,10,10,10,10,10,10,10,0,10,10,10,10,0,10,10,10,10,10,10,0,10,10,10,10,10,10,10,19,19,10,10,0,10,20,10,10,10,10,10,10,10,10,10,10,18
59231,2022/11/11 21:39:53,NEW_VALSET,E432B105CFA26E0F7CE56D5A70F7E1486A258347B3FD9E93BF8223956AE28E3E,59181869F2FDFFCEF902FD70F392C82AF04BBF2DC35BB6F0118BD71EEBF955E1,6A3CACEAEA586C9AF3051249D6FF34942835DF10,670102987,670100004,784,427,310,300,93,39,19,18,17,26,16,16,15,25,17,23,11,10,10,10,10,10,10,19,10,10,10,10,10,10,10,10,10,10,10,10,10,10,20,10,31,10,10,10,10,10,10,10,10,10,10,10,10,10,10,10,10,10,0,10,10,10,10,0,10,10,10,10,10,10,0,10,10,10,10,10,10,10,20,19,10,10,0,10,20,10,10,10,10,10,10,10,10,10,10,18
59302,2022/11/11 21:45:52,NEW_VALSET,9AE095359204840AEC1F8E41EA36EC4293018C1F39697573DAFB14D0D1BD763B,787E32DDDC16CE76F4B113EB79E4D897B9C46AD95C7C539B317E112E07CEC1A4,6A3CACEAEA586C9AF3051249D6FF34942835DF10,670102988,670100004,784,427,310,300,93,39,19,18,17,26,16,16,15,25,17,23,11,10,10,10,10,10,10,19,10,10,10,10,10,10,10,10,10,10,10,10,10,10,20,10,31,10,10,10,10,10,10,10,10,10,10,10,10,10,10,10,10,10,0,10,10,10,10,0,10,10,10,10,10,10,0,10,10,10,10,10,10,11,20,19,10,10,0,10,20,10,10,10,10,10,10,10,10,10,10,18
59338,2022/11/11 21:48:54,NEW_VALSET,28812CE909A7D5964A841813B312C4415CFF22D58FBC133D0BA531091A6263B0,63525EA8572374C6972EC84E9668B360AFD907A9BE715E892B3868822E4C1600,6A3CACEAEA586C9AF3051249D6FF34942835DF10,670102989,670100004,784,427,310,300,93,39,19,18,17,26,16,16,15,25,17,23,11,10,10,10,10,10,10,19,10,10,10,10,10,10,10,10,10,10,10,10,10,10,20,10,31,10,10,10,10,10,10,10,10,10,10,10,10,10,10,10,10,10,0,10,10,10,10,0,10,10,10,10,10,10,0,10,10,10,10,10,10,12,20,19,10,10,0,10,20,10,10,10,10,10,10,10,10,10,10,18
59374,2022/11/11 21:51:56,NEW_VALSET,3EAE61E0D7ABD3F0277F4BCE63F2189FC9D4E1B1534C26CB27177D0405AD7A93,B73DAD3FBC588EBE57908FDA6554431E42739AB9A13EF24DB125AE27972523CE,6A3CACEAEA586C9AF3051249D6FF34942835DF10,670102993,670100004,784,427,310,300,93,39,19,18,17,26,16,16,15,25,17,23,11,10,10,10,10,10,10,19,10,10,10,10,10,10,10,10,10,10,10,10,10,10,20,10,31,10,10,10,10,10,10,10,10,10,10,10,10,10,10,10,10,10,0,10,10,10,10,0,10,10,10,10,10,10,0,10,10,10,10,10,10,16,20,19,10,10,0,10,20,10,10,10,10,10,10,10,10,10,10,18
59410,2022/11/11 21:54:59,NEW_VALSET,D9A0C24155E179005F7F343C86DF96FA8A01A718DF864F99951BAF9A5077E2B4,4DACAFB88645387FD9D038CA6C6B555E45132815AC9E6AC49495299043B246A2,6A3CACEAEA586C9AF3051249D6FF34942835DF10,670102994,670100004,784,427,310,300,93,39,19,18,17,26,16,16,15,25,17,23,11,10,10,10,10,10,10,19,10,10,10,10,10,10,10,10,10,10,10,10,10,10,20,10,31,10,10,10,10,10,10,10,10,10,10,10,10,10,10,10,10,10,0,10,10,10,10,0,10,10,10,10,10,10,0,10,10,10,10,10,10,17,20,19,10,10,0,10,20,10,10,10,10,10,10,10,10,10,10,18
59446,2022/11/11 21:58:01,NEW_VALSET,8807A6DBCDE82BCFE50355038D8CE56821E4CA28165DEF8623EC5EC1C2ED4CBC,0E0BAE9966D0C82CE5D595EC0A29866C434AD8C578445B4CDF4EEE7439D07A04,6A3CACEAEA586C9AF3051249D6FF34942835DF10,670102995,670100004,784,427,310,300,93,39,19,18,17,26,16,16,15,25,17,23,11,10,10,10,10,10,10,19,10,10,10,10,10,10,10,10,10,10,10,10,10,10,20,10,31,10,10,10,10,10,10,10,10,10,10,10,10,10,10,10,10,10,0,10,10,10,10,0,10,10,10,10,10,10,0,10,10,10,10,10,10,18,20,19,10,10,0,10,20,10,10,10,10,10,10,10,10,10,10,18
59483,2022/11/11 22:01:08,NEW_VALSET,3D0701976B93C2C8E6F4158FD17DFF65862820EE7B0B8614041A8A27228289F8,5F75CB16929134D394C92596B0EC1F5B3082BDC0A20686B32E20B9E2AA68EB7A,6A3CACEAEA586C9AF3051249D6FF34942835DF10,670102996,670100004,784,427,310,300,93,39,19,18,17,26,16,16,15,25,17,23,11,10,10,10,10,10,10,19,10,10,10,10,10,10,10,10,10,10,10,10,10,10,20,10,31,10,10,10,10,10,10,10,10,10,10,10,10,10,10,10,10,10,0,10,10,10,10,0,10,10,10,10,10,10,0,10,10,10,10,10,10,19,20,19,10,10,0,10,20,10,10,10,10,10,10,10,10,10,10,18
59692,2022/11/11 22:18:45,NEW_VALSET,525DE440279071A53A07C00390DBECB3C0987B01B0A7ED55BF629F5B026C3AF3,161E938DFC3BD7AA60059EF97E9F0EED7AD29176BE762800F896E9455386337C,6A3CACEAEA586C9AF3051249D6FF34942835DF10,670102997,670100004,784,427,310,300,93,39,19,18,17,26,16,16,15,25,17,23,11,10,10,10,10,10,10,19,10,10,10,10,10,10,10,10,10,10,10,10,10,10,20,10,31,10,10,10,10,10,10,10,10,10,10,10,10,10,10,10,10,10,0,10,10,10,10,0,10,10,10,10,10,10,0,10,10,10,10,10,10,20,20,19,10,10,0,10,20,10,10,10,10,10,10,10,10,10,10,18
59870,2022/11/11 22:33:46,NEW_VALSET,665AD4512FC94ACD84D7DE9F2DE367B7E193F8283677A20B9B194FEB7581156A,936973F9B5CAC9F4B33A2F3712D3C99055DA7F1A6CA33AAC86C3C3F09B82E86E,6A3CACEAEA586C9AF3051249D6FF34942835DF10,670102998,670100004,784,427,310,300,93,39,19,18,17,26,16,16,15,25,17,23,11,10,10,10,10,10,10,19,10,10,10,10,10,10,10,10,10,10,10,10,10,10,20,10,31,10,10,10,10,10,10,10,10,10,10,10,10,10,10,10,10,10,0,10,10,10,10,0,10,10,10,10,10,10,0,10,10,10,10,10,11,20,20,19,10,10,0,10,20,10,10,10,10,10,10,10,10,10,10,18